033B7855-D444-41D6-89D9-4A1C3C035D27#appfire#QuestionService#appfire#com.app.server.service.QuestionService#appfire#{"resourceMapping":"/Question","defaultMethodType":"","defaultContentType":""}#appfire#{"repository":{"filePath":"demop/src/main/java/com/app/server/service/QuestionService.java","fileName":"QuestionService.java"},"implementInterface":[],"extendsClass":[],"repositories":[{"repository":{"filePath":"demop/src/main/java/com/app/server/repository/QuestionRepositoryImpl.java","fileName":"QuestionRepositoryImpl.java"},"implementInterface":[{"filePath":"demop/src/main/java/com/app/server/repository/QuestionRepository.java","fileName":"QuestionRepository.java"}],"extendsClass":[{"fileName":"SearchInterfaceImpl.java","filePath":"demop/src/main/java/com/app/server/repository/SearchInterfaceImpl.java","isDisplay":false}],"entities":{"filePath":"demop/src/main/java/com/app/shared/authentication/Question.java","fileName":"Question.java"}}]}#appfire#I#appfire#Q9ZUC92CQ3IMZHSET4ZWLW#appfire#ba9dced8-453e-49a3-b627-d497a1f91b17#appfire#1#appfire#\N#appfire#2016-01-07 14:59:50#appfire#\N#appfire#2016-01-07 14:59:50#appfire#1#appfire#1#appfire#F1521955-4DF2-44CC-BF0B-E1D3015F5693
04F0F7D9-8B4A-4955-AFE6-E1B9BED3AC0E#appfire#TitleService#appfire#com.app.server.service.TitleService#appfire#{"resourceMapping":"/Title","defaultMethodType":"","defaultContentType":""}#appfire#{"repository":{"filePath":"demop/src/main/java/com/app/server/service/TitleService.java","fileName":"TitleService.java"},"implementInterface":[],"extendsClass":[],"repositories":[{"repository":{"filePath":"demop/src/main/java/com/app/server/repository/TitleRepositoryImpl.java","fileName":"TitleRepositoryImpl.java"},"implementInterface":[{"filePath":"demop/src/main/java/com/app/server/repository/TitleRepository.java","fileName":"TitleRepository.java"}],"extendsClass":[{"fileName":"SearchInterfaceImpl.java","filePath":"demop/src/main/java/com/app/server/repository/SearchInterfaceImpl.java","isDisplay":false}],"entities":{"filePath":"demop/src/main/java/com/app/shared/contacts/Title.java","fileName":"Title.java"}}]}#appfire#I#appfire#Q9ZUC92CQ3IMZHSET4ZWLW#appfire#ba9dced8-453e-49a3-b627-d497a1f91b17#appfire#1#appfire#\N#appfire#2016-01-07 14:59:47#appfire#\N#appfire#2016-01-07 14:59:47#appfire#1#appfire#1#appfire#F79B615F-1595-422A-8AEA-DB1CD1A30FCA
0D12B24C-DF3F-4BFC-8FFD-31BA5DA365BC#appfire#RegionService#appfire#com.app.server.service.RegionService#appfire#{"resourceMapping":"/Region","defaultMethodType":"","defaultContentType":""}#appfire#{"repository":{"filePath":"demop/src/main/java/com/app/server/service/RegionService.java","fileName":"RegionService.java"},"implementInterface":[],"extendsClass":[],"repositories":[{"repository":{"filePath":"demop/src/main/java/com/app/server/repository/RegionRepositoryImpl.java","fileName":"RegionRepositoryImpl.java"},"implementInterface":[{"filePath":"demop/src/main/java/com/app/server/repository/RegionRepository.java","fileName":"RegionRepository.java"}],"extendsClass":[{"fileName":"SearchInterfaceImpl.java","filePath":"demop/src/main/java/com/app/server/repository/SearchInterfaceImpl.java","isDisplay":false}],"entities":{"filePath":"demop/src/main/java/com/app/shared/location/Region.java","fileName":"Region.java"}}]}#appfire#I#appfire#Q9ZUC92CQ3IMZHSET4ZWLW#appfire#ba9dced8-453e-49a3-b627-d497a1f91b17#appfire#1#appfire#\N#appfire#2016-01-07 14:59:40#appfire#\N#appfire#2016-01-07 14:59:40#appfire#1#appfire#1#appfire#4D59F73B-538B-4529-BDC5-60C4CA8FC1DA
11FE2255-D73F-432C-BA43-6F267EE18E5F#appfire#DistrictService#appfire#com.app.server.service.DistrictService#appfire#{"resourceMapping":"/District","defaultMethodType":"","defaultContentType":""}#appfire#{"repository":{"filePath":"demop/src/main/java/com/app/server/service/DistrictService.java","fileName":"DistrictService.java"},"implementInterface":[],"extendsClass":[],"repositories":[{"repository":{"filePath":"demop/src/main/java/com/app/server/repository/DistrictRepositoryImpl.java","fileName":"DistrictRepositoryImpl.java"},"implementInterface":[{"filePath":"demop/src/main/java/com/app/server/repository/DistrictRepository.java","fileName":"DistrictRepository.java"}],"extendsClass":[{"fileName":"SearchInterfaceImpl.java","filePath":"demop/src/main/java/com/app/server/repository/SearchInterfaceImpl.java","isDisplay":false}],"entities":{"filePath":"demop/src/main/java/com/app/shared/location/District.java","fileName":"District.java"}}]}#appfire#I#appfire#Q9ZUC92CQ3IMZHSET4ZWLW#appfire#ba9dced8-453e-49a3-b627-d497a1f91b17#appfire#1#appfire#\N#appfire#2016-01-07 14:59:40#appfire#\N#appfire#2016-01-07 14:59:40#appfire#1#appfire#1#appfire#52F9E485-3FDD-4687-A9A0-E5C331CC2122
21206FFD-5419-4107-A146-A6C9E188C7C8#appfire#ContactTypeService#appfire#com.app.server.service.ContactTypeService#appfire#{"resourceMapping":"/ContactType","defaultMethodType":"","defaultContentType":""}#appfire#{"repository":{"filePath":"demop/src/main/java/com/app/server/service/ContactTypeService.java","fileName":"ContactTypeService.java"},"implementInterface":[],"extendsClass":[],"repositories":[{"repository":{"filePath":"demop/src/main/java/com/app/server/repository/ContactTypeRepositoryImpl.java","fileName":"ContactTypeRepositoryImpl.java"},"implementInterface":[{"filePath":"demop/src/main/java/com/app/server/repository/ContactTypeRepository.java","fileName":"ContactTypeRepository.java"}],"extendsClass":[{"fileName":"SearchInterfaceImpl.java","filePath":"demop/src/main/java/com/app/server/repository/SearchInterfaceImpl.java","isDisplay":false}],"entities":{"filePath":"demop/src/main/java/com/app/shared/contacts/ContactType.java","fileName":"ContactType.java"}}]}#appfire#I#appfire#Q9ZUC92CQ3IMZHSET4ZWLW#appfire#ba9dced8-453e-49a3-b627-d497a1f91b17#appfire#1#appfire#\N#appfire#2016-01-07 14:59:45#appfire#\N#appfire#2016-01-07 14:59:45#appfire#1#appfire#1#appfire#F44B3A60-9C6A-4755-A1DB-6614DC82B34F
225DF5B4-26B1-4D54-830A-FD833E3292C5#appfire#UserAccessLevelService#appfire#com.app.server.service.UserAccessLevelService#appfire#{"resourceMapping":"/UserAccessLevel","defaultMethodType":"","defaultContentType":""}#appfire#{"repository":{"filePath":"demop/src/main/java/com/app/server/service/UserAccessLevelService.java","fileName":"UserAccessLevelService.java"},"implementInterface":[],"extendsClass":[],"repositories":[{"repository":{"filePath":"demop/src/main/java/com/app/server/repository/UserAccessLevelRepositoryImpl.java","fileName":"UserAccessLevelRepositoryImpl.java"},"implementInterface":[{"filePath":"demop/src/main/java/com/app/server/repository/UserAccessLevelRepository.java","fileName":"UserAccessLevelRepository.java"}],"extendsClass":[{"fileName":"SearchInterfaceImpl.java","filePath":"demop/src/main/java/com/app/server/repository/SearchInterfaceImpl.java","isDisplay":false}],"entities":{"filePath":"demop/src/main/java/com/app/shared/authentication/UserAccessLevel.java","fileName":"UserAccessLevel.java"}}]}#appfire#I#appfire#Q9ZUC92CQ3IMZHSET4ZWLW#appfire#ba9dced8-453e-49a3-b627-d497a1f91b17#appfire#1#appfire#\N#appfire#2016-01-07 14:59:51#appfire#\N#appfire#2016-01-07 14:59:51#appfire#1#appfire#1#appfire#B33B9B9D-8ACE-45F0-8025-140CD19A59FD
24307FFB-DF0E-4549-B1AD-E1090F886B6B#appfire#AppMenusService#appfire#com.app.server.service.AppMenusService#appfire#{"resourceMapping":"/AppMenus","defaultMethodType":"","defaultContentType":""}#appfire#{"repository":{"filePath":"demop/src/main/java/com/app/server/service/AppMenusService.java","fileName":"AppMenusService.java"},"implementInterface":[],"extendsClass":[],"repositories":[{"repository":{"filePath":"demop/src/main/java/com/app/server/repository/AppMenusRepositoryImpl.java","fileName":"AppMenusRepositoryImpl.java"},"implementInterface":[{"filePath":"demop/src/main/java/com/app/server/repository/AppMenusRepository.java","fileName":"AppMenusRepository.java"}],"extendsClass":[{"fileName":"SearchInterfaceImpl.java","filePath":"demop/src/main/java/com/app/server/repository/SearchInterfaceImpl.java","isDisplay":false}],"entities":{"filePath":"demop/src/main/java/com/app/shared/authorization/AppMenus.java","fileName":"AppMenus.java"}}]}#appfire#I#appfire#Q9ZUC92CQ3IMZHSET4ZWLW#appfire#ba9dced8-453e-49a3-b627-d497a1f91b17#appfire#1#appfire#\N#appfire#2016-01-07 14:59:58#appfire#\N#appfire#2016-01-07 14:59:58#appfire#1#appfire#1#appfire#7B51699E-5474-4985-87C0-47EE9E91756C
290B9621-4F1E-434E-B1B8-06433A412325#appfire#UserRoleBridgeService#appfire#com.app.server.service.UserRoleBridgeService#appfire#{"resourceMapping":"/UserRoleBridge","defaultMethodType":"","defaultContentType":""}#appfire#{"repository":{"filePath":"demop/src/main/java/com/app/server/service/UserRoleBridgeService.java","fileName":"UserRoleBridgeService.java"},"implementInterface":[],"extendsClass":[],"repositories":[{"repository":{"filePath":"demop/src/main/java/com/app/server/repository/UserRoleBridgeRepositoryImpl.java","fileName":"UserRoleBridgeRepositoryImpl.java"},"implementInterface":[{"filePath":"demop/src/main/java/com/app/server/repository/UserRoleBridgeRepository.java","fileName":"UserRoleBridgeRepository.java"}],"extendsClass":[{"fileName":"SearchInterfaceImpl.java","filePath":"demop/src/main/java/com/app/server/repository/SearchInterfaceImpl.java","isDisplay":false}],"entities":{"filePath":"demop/src/main/java/com/app/shared/authorization/UserRoleBridge.java","fileName":"UserRoleBridge.java"}}]}#appfire#I#appfire#Q9ZUC92CQ3IMZHSET4ZWLW#appfire#ba9dced8-453e-49a3-b627-d497a1f91b17#appfire#1#appfire#\N#appfire#2016-01-07 14:59:59#appfire#\N#appfire#2016-01-07 14:59:59#appfire#1#appfire#1#appfire#14BA6B41-85E0-4C47-AB6F-EBE3E0F4A6F2
2D49DE99-D205-4206-961C-7C3664EEEDB9#appfire#AppCustomerCategoryService#appfire#com.app.server.service.AppCustomerCategoryService#appfire#{"resourceMapping":"/AppCustomerCategory","defaultMethodType":"","defaultContentType":""}#appfire#{"repository":{"filePath":"demop/src/main/java/com/app/server/service/AppCustomerCategoryService.java","fileName":"AppCustomerCategoryService.java"},"implementInterface":[],"extendsClass":[],"repositories":[{"repository":{"filePath":"demop/src/main/java/com/app/server/repository/AppCustomerCategoryRepositoryImpl.java","fileName":"AppCustomerCategoryRepositoryImpl.java"},"implementInterface":[{"filePath":"demop/src/main/java/com/app/server/repository/AppCustomerCategoryRepository.java","fileName":"AppCustomerCategoryRepository.java"}],"extendsClass":[{"fileName":"SearchInterfaceImpl.java","filePath":"demop/src/main/java/com/app/server/repository/SearchInterfaceImpl.java","isDisplay":false}],"entities":{"filePath":"demop/src/main/java/com/app/shared/customers/AppCustomerCategory.java","fileName":"AppCustomerCategory.java"}}]}#appfire#I#appfire#Q9ZUC92CQ3IMZHSET4ZWLW#appfire#ba9dced8-453e-49a3-b627-d497a1f91b17#appfire#1#appfire#\N#appfire#2016-01-07 15:00:00#appfire#\N#appfire#2016-01-07 15:00:00#appfire#1#appfire#1#appfire#9089810C-85AD-49BC-B3C0-91CB078EC4C8
34815027-C13E-4FFC-AE14-8BB64C470EBD#appfire#CommunicationTypeService#appfire#com.app.server.service.CommunicationTypeService#appfire#{"resourceMapping":"/CommunicationType","defaultMethodType":"","defaultContentType":""}#appfire#{"repository":{"filePath":"demop/src/main/java/com/app/server/service/CommunicationTypeService.java","fileName":"CommunicationTypeService.java"},"implementInterface":[],"extendsClass":[],"repositories":[{"repository":{"filePath":"demop/src/main/java/com/app/server/repository/CommunicationTypeRepositoryImpl.java","fileName":"CommunicationTypeRepositoryImpl.java"},"implementInterface":[{"filePath":"demop/src/main/java/com/app/server/repository/CommunicationTypeRepository.java","fileName":"CommunicationTypeRepository.java"}],"extendsClass":[{"fileName":"SearchInterfaceImpl.java","filePath":"demop/src/main/java/com/app/server/repository/SearchInterfaceImpl.java","isDisplay":false}],"entities":{"filePath":"demop/src/main/java/com/app/shared/contacts/CommunicationType.java","fileName":"CommunicationType.java"}}]}#appfire#I#appfire#Q9ZUC92CQ3IMZHSET4ZWLW#appfire#ba9dced8-453e-49a3-b627-d497a1f91b17#appfire#1#appfire#\N#appfire#2016-01-07 14:59:46#appfire#\N#appfire#2016-01-07 14:59:46#appfire#1#appfire#1#appfire#EB712997-B173-44CC-B0A5-B106EF005963
3F2A380C-E6C9-4D49-B414-8FEBE5E98F72#appfire#CurrencyService#appfire#com.app.server.service.CurrencyService#appfire#{"resourceMapping":"/Currency","defaultMethodType":"","defaultContentType":""}#appfire#{"repository":{"filePath":"demop/src/main/java/com/app/server/service/CurrencyService.java","fileName":"CurrencyService.java"},"implementInterface":[],"extendsClass":[],"repositories":[{"repository":{"filePath":"demop/src/main/java/com/app/server/repository/CurrencyRepositoryImpl.java","fileName":"CurrencyRepositoryImpl.java"},"implementInterface":[{"filePath":"demop/src/main/java/com/app/server/repository/CurrencyRepository.java","fileName":"CurrencyRepository.java"}],"extendsClass":[{"fileName":"SearchInterfaceImpl.java","filePath":"demop/src/main/java/com/app/server/repository/SearchInterfaceImpl.java","isDisplay":false}],"entities":{"filePath":"demop/src/main/java/com/app/shared/location/Currency.java","fileName":"Currency.java"}}]}#appfire#I#appfire#Q9ZUC92CQ3IMZHSET4ZWLW#appfire#ba9dced8-453e-49a3-b627-d497a1f91b17#appfire#1#appfire#\N#appfire#2016-01-07 14:59:39#appfire#\N#appfire#2016-01-07 14:59:39#appfire#1#appfire#1#appfire#38660F31-999C-4C82-86E5-8D8CA6E8CB58
43AE138A-E9C4-4C13-833B-0BA9A21FF947#appfire#UserAccessDomainService#appfire#com.app.server.service.UserAccessDomainService#appfire#{"resourceMapping":"/UserAccessDomain","defaultMethodType":"","defaultContentType":""}#appfire#{"repository":{"filePath":"demop/src/main/java/com/app/server/service/UserAccessDomainService.java","fileName":"UserAccessDomainService.java"},"implementInterface":[],"extendsClass":[],"repositories":[{"repository":{"filePath":"demop/src/main/java/com/app/server/repository/UserAccessDomainRepositoryImpl.java","fileName":"UserAccessDomainRepositoryImpl.java"},"implementInterface":[{"filePath":"demop/src/main/java/com/app/server/repository/UserAccessDomainRepository.java","fileName":"UserAccessDomainRepository.java"}],"extendsClass":[{"fileName":"SearchInterfaceImpl.java","filePath":"demop/src/main/java/com/app/server/repository/SearchInterfaceImpl.java","isDisplay":false}],"entities":{"filePath":"demop/src/main/java/com/app/shared/authentication/UserAccessDomain.java","fileName":"UserAccessDomain.java"}}]}#appfire#I#appfire#Q9ZUC92CQ3IMZHSET4ZWLW#appfire#ba9dced8-453e-49a3-b627-d497a1f91b17#appfire#1#appfire#\N#appfire#2016-01-07 14:59:51#appfire#\N#appfire#2016-01-07 14:59:51#appfire#1#appfire#1#appfire#7F4ACA9F-7075-45B8-A1FF-C7967039A307
639433D5-1BBF-4DCE-89E4-DC53054E8328#appfire#AddressService#appfire#com.app.server.service.AddressService#appfire#{"resourceMapping":"/Address","defaultMethodType":"","defaultContentType":""}#appfire#{"repository":{"filePath":"demop/src/main/java/com/app/server/service/AddressService.java","fileName":"AddressService.java"},"implementInterface":[],"extendsClass":[],"repositories":[{"repository":{"filePath":"demop/src/main/java/com/app/server/repository/AddressRepositoryImpl.java","fileName":"AddressRepositoryImpl.java"},"implementInterface":[{"filePath":"demop/src/main/java/com/app/server/repository/AddressRepository.java","fileName":"AddressRepository.java"}],"extendsClass":[{"fileName":"SearchInterfaceImpl.java","filePath":"demop/src/main/java/com/app/server/repository/SearchInterfaceImpl.java","isDisplay":false}],"entities":{"filePath":"demop/src/main/java/com/app/shared/location/Address.java","fileName":"Address.java"}}]}#appfire#I#appfire#Q9ZUC92CQ3IMZHSET4ZWLW#appfire#ba9dced8-453e-49a3-b627-d497a1f91b17#appfire#1#appfire#\N#appfire#2016-01-07 14:59:44#appfire#\N#appfire#2016-01-07 14:59:44#appfire#1#appfire#1#appfire#B21A327A-58D2-40F1-8296-88E82FC542E7
66E03495-2617-46E5-8463-F7361AB8B840#appfire#PasswordPolicyService#appfire#com.app.server.service.PasswordPolicyService#appfire#{"resourceMapping":"/PasswordPolicy","defaultMethodType":"","defaultContentType":""}#appfire#{"repository":{"filePath":"demop/src/main/java/com/app/server/service/PasswordPolicyService.java","fileName":"PasswordPolicyService.java"},"implementInterface":[],"extendsClass":[],"repositories":[{"repository":{"filePath":"demop/src/main/java/com/app/server/repository/PasswordPolicyRepositoryImpl.java","fileName":"PasswordPolicyRepositoryImpl.java"},"implementInterface":[{"filePath":"demop/src/main/java/com/app/server/repository/PasswordPolicyRepository.java","fileName":"PasswordPolicyRepository.java"}],"extendsClass":[{"fileName":"SearchInterfaceImpl.java","filePath":"demop/src/main/java/com/app/server/repository/SearchInterfaceImpl.java","isDisplay":false}],"entities":{"filePath":"demop/src/main/java/com/app/shared/authentication/PasswordPolicy.java","fileName":"PasswordPolicy.java"}}]}#appfire#I#appfire#Q9ZUC92CQ3IMZHSET4ZWLW#appfire#ba9dced8-453e-49a3-b627-d497a1f91b17#appfire#1#appfire#\N#appfire#2016-01-07 14:59:50#appfire#\N#appfire#2016-01-07 14:59:50#appfire#1#appfire#1#appfire#54F3B441-E3BA-4471-BCD3-D96D8712C073
70160399-9A95-4AD9-8C0C-EF3EB41EDC98#appfire#AddressTypeService#appfire#com.app.server.service.AddressTypeService#appfire#{"resourceMapping":"/AddressType","defaultMethodType":"","defaultContentType":""}#appfire#{"repository":{"filePath":"demop/src/main/java/com/app/server/service/AddressTypeService.java","fileName":"AddressTypeService.java"},"implementInterface":[],"extendsClass":[],"repositories":[{"repository":{"filePath":"demop/src/main/java/com/app/server/repository/AddressTypeRepositoryImpl.java","fileName":"AddressTypeRepositoryImpl.java"},"implementInterface":[{"filePath":"demop/src/main/java/com/app/server/repository/AddressTypeRepository.java","fileName":"AddressTypeRepository.java"}],"extendsClass":[{"fileName":"SearchInterfaceImpl.java","filePath":"demop/src/main/java/com/app/server/repository/SearchInterfaceImpl.java","isDisplay":false}],"entities":{"filePath":"demop/src/main/java/com/app/shared/location/AddressType.java","fileName":"AddressType.java"}}]}#appfire#I#appfire#Q9ZUC92CQ3IMZHSET4ZWLW#appfire#ba9dced8-453e-49a3-b627-d497a1f91b17#appfire#1#appfire#\N#appfire#2016-01-07 14:59:44#appfire#\N#appfire#2016-01-07 14:59:44#appfire#1#appfire#1#appfire#32D3ECC0-24DA-4CCB-920C-85676C089EF6
70470B72-A9AE-4A8F-B20A-5C2234606FED#appfire#AppCustomerService#appfire#com.app.server.service.AppCustomerService#appfire#{"resourceMapping":"/AppCustomer","defaultMethodType":"","defaultContentType":""}#appfire#{"repository":{"filePath":"demop/src/main/java/com/app/server/service/AppCustomerService.java","fileName":"AppCustomerService.java"},"implementInterface":[],"extendsClass":[],"repositories":[{"repository":{"filePath":"demop/src/main/java/com/app/server/repository/AppCustomerRepositoryImpl.java","fileName":"AppCustomerRepositoryImpl.java"},"implementInterface":[{"filePath":"demop/src/main/java/com/app/server/repository/AppCustomerRepository.java","fileName":"AppCustomerRepository.java"}],"extendsClass":[{"fileName":"SearchInterfaceImpl.java","filePath":"demop/src/main/java/com/app/server/repository/SearchInterfaceImpl.java","isDisplay":false}],"entities":{"filePath":"demop/src/main/java/com/app/shared/customers/AppCustomer.java","fileName":"AppCustomer.java"}}]}#appfire#I#appfire#Q9ZUC92CQ3IMZHSET4ZWLW#appfire#ba9dced8-453e-49a3-b627-d497a1f91b17#appfire#1#appfire#\N#appfire#2016-01-07 15:00:00#appfire#\N#appfire#2016-01-07 15:00:00#appfire#1#appfire#1#appfire#F15BFE78-D2AB-4BD8-8EF5-DB53F2BB20EB
8E422B92-557B-4006-814A-E28126D7FFBA#appfire#PasswordAlgoService#appfire#com.app.server.service.PasswordAlgoService#appfire#{"resourceMapping":"/PasswordAlgo","defaultMethodType":"","defaultContentType":""}#appfire#{"repository":{"filePath":"demop/src/main/java/com/app/server/service/PasswordAlgoService.java","fileName":"PasswordAlgoService.java"},"implementInterface":[],"extendsClass":[],"repositories":[{"repository":{"filePath":"demop/src/main/java/com/app/server/repository/PasswordAlgoRepositoryImpl.java","fileName":"PasswordAlgoRepositoryImpl.java"},"implementInterface":[{"filePath":"demop/src/main/java/com/app/server/repository/PasswordAlgoRepository.java","fileName":"PasswordAlgoRepository.java"}],"extendsClass":[{"fileName":"SearchInterfaceImpl.java","filePath":"demop/src/main/java/com/app/server/repository/SearchInterfaceImpl.java","isDisplay":false}],"entities":{"filePath":"demop/src/main/java/com/app/shared/authentication/PasswordAlgo.java","fileName":"PasswordAlgo.java"}}]}#appfire#I#appfire#Q9ZUC92CQ3IMZHSET4ZWLW#appfire#ba9dced8-453e-49a3-b627-d497a1f91b17#appfire#1#appfire#\N#appfire#2016-01-07 14:59:50#appfire#\N#appfire#2016-01-07 14:59:50#appfire#1#appfire#1#appfire#80141649-677A-4973-89E0-A6C2B30AD2EB
97F82548-28A3-4242-AB07-AF7749518194#appfire#StateService#appfire#com.app.server.service.StateService#appfire#{"resourceMapping":"/State","defaultMethodType":"","defaultContentType":""}#appfire#{"repository":{"filePath":"demop/src/main/java/com/app/server/service/StateService.java","fileName":"StateService.java"},"implementInterface":[],"extendsClass":[],"repositories":[{"repository":{"filePath":"demop/src/main/java/com/app/server/repository/StateRepositoryImpl.java","fileName":"StateRepositoryImpl.java"},"implementInterface":[{"filePath":"demop/src/main/java/com/app/server/repository/StateRepository.java","fileName":"StateRepository.java"}],"extendsClass":[{"fileName":"SearchInterfaceImpl.java","filePath":"demop/src/main/java/com/app/server/repository/SearchInterfaceImpl.java","isDisplay":false}],"entities":{"filePath":"demop/src/main/java/com/app/shared/location/State.java","fileName":"State.java"}}]}#appfire#I#appfire#Q9ZUC92CQ3IMZHSET4ZWLW#appfire#ba9dced8-453e-49a3-b627-d497a1f91b17#appfire#1#appfire#\N#appfire#2016-01-07 14:59:39#appfire#\N#appfire#2016-01-07 14:59:39#appfire#1#appfire#1#appfire#44F2CCC5-E115-4373-8A31-F93BACFDF623
AB418E6D-2C8B-439D-9FED-07CFC1DCC227#appfire#TalukaService#appfire#com.app.server.service.TalukaService#appfire#{"resourceMapping":"/Taluka","defaultMethodType":"","defaultContentType":""}#appfire#{"repository":{"filePath":"demop/src/main/java/com/app/server/service/TalukaService.java","fileName":"TalukaService.java"},"implementInterface":[],"extendsClass":[],"repositories":[{"repository":{"filePath":"demop/src/main/java/com/app/server/repository/TalukaRepositoryImpl.java","fileName":"TalukaRepositoryImpl.java"},"implementInterface":[{"filePath":"demop/src/main/java/com/app/server/repository/TalukaRepository.java","fileName":"TalukaRepository.java"}],"extendsClass":[{"fileName":"SearchInterfaceImpl.java","filePath":"demop/src/main/java/com/app/server/repository/SearchInterfaceImpl.java","isDisplay":false}],"entities":{"filePath":"demop/src/main/java/com/app/shared/location/Taluka.java","fileName":"Taluka.java"}}]}#appfire#I#appfire#Q9ZUC92CQ3IMZHSET4ZWLW#appfire#ba9dced8-453e-49a3-b627-d497a1f91b17#appfire#1#appfire#\N#appfire#2016-01-07 14:59:42#appfire#\N#appfire#2016-01-07 14:59:42#appfire#1#appfire#1#appfire#A406B75B-0D64-44AF-8B16-74FE86F118CB
AC5816A2-15FB-4500-B4E8-1309165499E3#appfire#GenderService#appfire#com.app.server.service.GenderService#appfire#{"resourceMapping":"/Gender","defaultMethodType":"","defaultContentType":""}#appfire#{"repository":{"filePath":"demop/src/main/java/com/app/server/service/GenderService.java","fileName":"GenderService.java"},"implementInterface":[],"extendsClass":[],"repositories":[{"repository":{"filePath":"demop/src/main/java/com/app/server/repository/GenderRepositoryImpl.java","fileName":"GenderRepositoryImpl.java"},"implementInterface":[{"filePath":"demop/src/main/java/com/app/server/repository/GenderRepository.java","fileName":"GenderRepository.java"}],"extendsClass":[{"fileName":"SearchInterfaceImpl.java","filePath":"demop/src/main/java/com/app/server/repository/SearchInterfaceImpl.java","isDisplay":false}],"entities":{"filePath":"demop/src/main/java/com/app/shared/contacts/Gender.java","fileName":"Gender.java"}}]}#appfire#I#appfire#Q9ZUC92CQ3IMZHSET4ZWLW#appfire#ba9dced8-453e-49a3-b627-d497a1f91b17#appfire#1#appfire#\N#appfire#2016-01-07 14:59:47#appfire#\N#appfire#2016-01-07 14:59:47#appfire#1#appfire#1#appfire#5180DF97-B28F-4A26-BF86-7457BC91329F
B7E8F533-48AD-4564-82D7-105A5AA412CD#appfire#CommunicationGroupService#appfire#com.app.server.service.CommunicationGroupService#appfire#{"resourceMapping":"/CommunicationGroup","defaultMethodType":"","defaultContentType":""}#appfire#{"repository":{"filePath":"demop/src/main/java/com/app/server/service/CommunicationGroupService.java","fileName":"CommunicationGroupService.java"},"implementInterface":[],"extendsClass":[],"repositories":[{"repository":{"filePath":"demop/src/main/java/com/app/server/repository/CommunicationGroupRepositoryImpl.java","fileName":"CommunicationGroupRepositoryImpl.java"},"implementInterface":[{"filePath":"demop/src/main/java/com/app/server/repository/CommunicationGroupRepository.java","fileName":"CommunicationGroupRepository.java"}],"extendsClass":[{"fileName":"SearchInterfaceImpl.java","filePath":"demop/src/main/java/com/app/server/repository/SearchInterfaceImpl.java","isDisplay":false}],"entities":{"filePath":"demop/src/main/java/com/app/shared/contacts/CommunicationGroup.java","fileName":"CommunicationGroup.java"}}]}#appfire#I#appfire#Q9ZUC92CQ3IMZHSET4ZWLW#appfire#ba9dced8-453e-49a3-b627-d497a1f91b17#appfire#1#appfire#\N#appfire#2016-01-07 14:59:46#appfire#\N#appfire#2016-01-07 14:59:46#appfire#1#appfire#1#appfire#9BC26739-08D1-49CC-8547-1CC094682CF9
B8E51443-B579-4419-BB73-8D26D3DE426C#appfire#RolesService#appfire#com.app.server.service.RolesService#appfire#{"resourceMapping":"/Roles","defaultMethodType":"","defaultContentType":""}#appfire#{"repository":{"filePath":"demop/src/main/java/com/app/server/service/RolesService.java","fileName":"RolesService.java"},"implementInterface":[],"extendsClass":[],"repositories":[{"repository":{"filePath":"demop/src/main/java/com/app/server/repository/RolesRepositoryImpl.java","fileName":"RolesRepositoryImpl.java"},"implementInterface":[{"filePath":"demop/src/main/java/com/app/server/repository/RolesRepository.java","fileName":"RolesRepository.java"}],"extendsClass":[{"fileName":"SearchInterfaceImpl.java","filePath":"demop/src/main/java/com/app/server/repository/SearchInterfaceImpl.java","isDisplay":false}],"entities":{"filePath":"demop/src/main/java/com/app/shared/authorization/Roles.java","fileName":"Roles.java"}}]}#appfire#I#appfire#Q9ZUC92CQ3IMZHSET4ZWLW#appfire#ba9dced8-453e-49a3-b627-d497a1f91b17#appfire#1#appfire#\N#appfire#2016-01-07 14:59:57#appfire#\N#appfire#2016-01-07 14:59:57#appfire#1#appfire#1#appfire#7FFE5772-691A-436C-A56A-910AFB140166
C04C4D66-212C-410D-8536-F3CCC517124B#appfire#AppCustomerTypeService#appfire#com.app.server.service.AppCustomerTypeService#appfire#{"resourceMapping":"/AppCustomerType","defaultMethodType":"","defaultContentType":""}#appfire#{"repository":{"filePath":"demop/src/main/java/com/app/server/service/AppCustomerTypeService.java","fileName":"AppCustomerTypeService.java"},"implementInterface":[],"extendsClass":[],"repositories":[{"repository":{"filePath":"demop/src/main/java/com/app/server/repository/AppCustomerTypeRepositoryImpl.java","fileName":"AppCustomerTypeRepositoryImpl.java"},"implementInterface":[{"filePath":"demop/src/main/java/com/app/server/repository/AppCustomerTypeRepository.java","fileName":"AppCustomerTypeRepository.java"}],"extendsClass":[{"fileName":"SearchInterfaceImpl.java","filePath":"demop/src/main/java/com/app/server/repository/SearchInterfaceImpl.java","isDisplay":false}],"entities":{"filePath":"demop/src/main/java/com/app/shared/customers/AppCustomerType.java","fileName":"AppCustomerType.java"}}]}#appfire#I#appfire#Q9ZUC92CQ3IMZHSET4ZWLW#appfire#ba9dced8-453e-49a3-b627-d497a1f91b17#appfire#1#appfire#\N#appfire#2016-01-07 14:59:59#appfire#\N#appfire#2016-01-07 14:59:59#appfire#1#appfire#1#appfire#2BE82C8D-F226-4D0F-919E-1B288F256D7B
C1CAB99B-654C-4A6F-BF17-4E0D8E62C399#appfire#CountryService#appfire#com.app.server.service.CountryService#appfire#{"resourceMapping":"/Country","defaultMethodType":"","defaultContentType":""}#appfire#{"repository":{"filePath":"demop/src/main/java/com/app/server/service/CountryService.java","fileName":"CountryService.java"},"implementInterface":[],"extendsClass":[],"repositories":[{"repository":{"filePath":"demop/src/main/java/com/app/server/repository/CountryRepositoryImpl.java","fileName":"CountryRepositoryImpl.java"},"implementInterface":[{"filePath":"demop/src/main/java/com/app/server/repository/CountryRepository.java","fileName":"CountryRepository.java"}],"extendsClass":[{"fileName":"SearchInterfaceImpl.java","filePath":"demop/src/main/java/com/app/server/repository/SearchInterfaceImpl.java","isDisplay":false}],"entities":{"filePath":"demop/src/main/java/com/app/shared/location/Country.java","fileName":"Country.java"}}]}#appfire#I#appfire#Q9ZUC92CQ3IMZHSET4ZWLW#appfire#ba9dced8-453e-49a3-b627-d497a1f91b17#appfire#1#appfire#\N#appfire#2016-01-07 14:59:38#appfire#\N#appfire#2016-01-07 14:59:38#appfire#1#appfire#1#appfire#BC18827C-00DB-4566-B676-258D29090660
C9910514-CC1E-4F70-B285-74D467F8B3E3#appfire#TimezoneService#appfire#com.app.server.service.TimezoneService#appfire#{"resourceMapping":"/Timezone","defaultMethodType":"","defaultContentType":""}#appfire#{"repository":{"filePath":"demop/src/main/java/com/app/server/service/TimezoneService.java","fileName":"TimezoneService.java"},"implementInterface":[],"extendsClass":[],"repositories":[{"repository":{"filePath":"demop/src/main/java/com/app/server/repository/TimezoneRepositoryImpl.java","fileName":"TimezoneRepositoryImpl.java"},"implementInterface":[{"filePath":"demop/src/main/java/com/app/server/repository/TimezoneRepository.java","fileName":"TimezoneRepository.java"}],"extendsClass":[{"fileName":"SearchInterfaceImpl.java","filePath":"demop/src/main/java/com/app/server/repository/SearchInterfaceImpl.java","isDisplay":false}],"entities":{"filePath":"demop/src/main/java/com/app/shared/location/Timezone.java","fileName":"Timezone.java"}}]}#appfire#I#appfire#Q9ZUC92CQ3IMZHSET4ZWLW#appfire#ba9dced8-453e-49a3-b627-d497a1f91b17#appfire#1#appfire#\N#appfire#2016-01-07 14:59:38#appfire#\N#appfire#2016-01-07 14:59:38#appfire#1#appfire#1#appfire#1E9D6179-36AF-48D0-BB2A-60DD924B4F9A
D5583C37-DD69-4407-A4F8-1C4201EB7F20#appfire#CoreContactsService#appfire#com.app.server.service.CoreContactsService#appfire#{"resourceMapping":"/CoreContacts","defaultMethodType":"","defaultContentType":""}#appfire#{"repository":{"filePath":"demop/src/main/java/com/app/server/service/CoreContactsService.java","fileName":"CoreContactsService.java"},"implementInterface":[],"extendsClass":[],"repositories":[{"repository":{"filePath":"demop/src/main/java/com/app/server/repository/CoreContactsRepositoryImpl.java","fileName":"CoreContactsRepositoryImpl.java"},"implementInterface":[{"filePath":"demop/src/main/java/com/app/server/repository/CoreContactsRepository.java","fileName":"CoreContactsRepository.java"}],"extendsClass":[{"fileName":"SearchInterfaceImpl.java","filePath":"demop/src/main/java/com/app/server/repository/SearchInterfaceImpl.java","isDisplay":false}],"entities":{"filePath":"demop/src/main/java/com/app/shared/contacts/CoreContacts.java","fileName":"CoreContacts.java"}}]}#appfire#I#appfire#Q9ZUC92CQ3IMZHSET4ZWLW#appfire#ba9dced8-453e-49a3-b627-d497a1f91b17#appfire#1#appfire#\N#appfire#2016-01-07 14:59:48#appfire#\N#appfire#2016-01-07 14:59:48#appfire#1#appfire#1#appfire#104CC524-8BF4-4871-AD44-CBE46BF67E8A
D9F78AE1-ADC3-4044-9111-64FA6E49C66D#appfire#LoginService#appfire#com.app.server.service.LoginService#appfire#{"resourceMapping":"/Login","defaultMethodType":"","defaultContentType":""}#appfire#{"repository":{"filePath":"demop/src/main/java/com/app/server/service/LoginService.java","fileName":"LoginService.java"},"implementInterface":[],"extendsClass":[],"repositories":[{"repository":{"filePath":"demop/src/main/java/com/app/server/repository/LoginRepositoryImpl.java","fileName":"LoginRepositoryImpl.java"},"implementInterface":[{"filePath":"demop/src/main/java/com/app/server/repository/LoginRepository.java","fileName":"LoginRepository.java"}],"extendsClass":[{"fileName":"SearchInterfaceImpl.java","filePath":"demop/src/main/java/com/app/server/repository/SearchInterfaceImpl.java","isDisplay":false}],"entities":{"filePath":"demop/src/main/java/com/app/shared/authentication/Login.java","fileName":"Login.java"}}]}#appfire#I#appfire#Q9ZUC92CQ3IMZHSET4ZWLW#appfire#ba9dced8-453e-49a3-b627-d497a1f91b17#appfire#1#appfire#\N#appfire#2016-01-07 14:59:54#appfire#\N#appfire#2016-01-07 14:59:54#appfire#1#appfire#1#appfire#BD73F1DA-EF8E-4E92-9194-C08E9CDD0CF6
DA9C1DDB-9BB2-4DE1-B5BD-D34B6F478E1E#appfire#LanguageService#appfire#com.app.server.service.LanguageService#appfire#{"resourceMapping":"/Language","defaultMethodType":"","defaultContentType":""}#appfire#{"repository":{"filePath":"demop/src/main/java/com/app/server/service/LanguageService.java","fileName":"LanguageService.java"},"implementInterface":[],"extendsClass":[],"repositories":[{"repository":{"filePath":"demop/src/main/java/com/app/server/repository/LanguageRepositoryImpl.java","fileName":"LanguageRepositoryImpl.java"},"implementInterface":[{"filePath":"demop/src/main/java/com/app/server/repository/LanguageRepository.java","fileName":"LanguageRepository.java"}],"extendsClass":[{"fileName":"SearchInterfaceImpl.java","filePath":"demop/src/main/java/com/app/server/repository/SearchInterfaceImpl.java","isDisplay":false}],"entities":{"filePath":"demop/src/main/java/com/app/shared/location/Language.java","fileName":"Language.java"}}]}#appfire#I#appfire#Q9ZUC92CQ3IMZHSET4ZWLW#appfire#ba9dced8-453e-49a3-b627-d497a1f91b17#appfire#1#appfire#\N#appfire#2016-01-07 14:59:38#appfire#\N#appfire#2016-01-07 14:59:38#appfire#1#appfire#1#appfire#4C9A978E-89FC-4B55-BD46-371840F648A6
E6AF3A43-2C75-4D0E-A0BE-D83BAA976C15#appfire#CityService#appfire#com.app.server.service.CityService#appfire#{"resourceMapping":"/City","defaultMethodType":"","defaultContentType":""}#appfire#{"repository":{"filePath":"demop/src/main/java/com/app/server/service/CityService.java","fileName":"CityService.java"},"implementInterface":[],"extendsClass":[],"repositories":[{"repository":{"filePath":"demop/src/main/java/com/app/server/repository/CityRepositoryImpl.java","fileName":"CityRepositoryImpl.java"},"implementInterface":[{"filePath":"demop/src/main/java/com/app/server/repository/CityRepository.java","fileName":"CityRepository.java"}],"extendsClass":[{"fileName":"SearchInterfaceImpl.java","filePath":"demop/src/main/java/com/app/server/repository/SearchInterfaceImpl.java","isDisplay":false}],"entities":{"filePath":"demop/src/main/java/com/app/shared/location/City.java","fileName":"City.java"}}]}#appfire#I#appfire#Q9ZUC92CQ3IMZHSET4ZWLW#appfire#ba9dced8-453e-49a3-b627-d497a1f91b17#appfire#1#appfire#\N#appfire#2016-01-07 14:59:41#appfire#\N#appfire#2016-01-07 14:59:41#appfire#1#appfire#1#appfire#3A9D2715-D968-45EA-A0FB-7175DA70BCF8
F25880A9-95AE-4761-A9F9-42D9F3908F62#appfire#VillageService#appfire#com.app.server.service.VillageService#appfire#{"resourceMapping":"/Village","defaultMethodType":"","defaultContentType":""}#appfire#{"repository":{"filePath":"demop/src/main/java/com/app/server/service/VillageService.java","fileName":"VillageService.java"},"implementInterface":[],"extendsClass":[],"repositories":[{"repository":{"filePath":"demop/src/main/java/com/app/server/repository/VillageRepositoryImpl.java","fileName":"VillageRepositoryImpl.java"},"implementInterface":[{"filePath":"demop/src/main/java/com/app/server/repository/VillageRepository.java","fileName":"VillageRepository.java"}],"extendsClass":[{"fileName":"SearchInterfaceImpl.java","filePath":"demop/src/main/java/com/app/server/repository/SearchInterfaceImpl.java","isDisplay":false}],"entities":{"filePath":"demop/src/main/java/com/app/shared/location/Village.java","fileName":"Village.java"}}]}#appfire#I#appfire#Q9ZUC92CQ3IMZHSET4ZWLW#appfire#ba9dced8-453e-49a3-b627-d497a1f91b17#appfire#1#appfire#\N#appfire#2016-01-07 14:59:43#appfire#\N#appfire#2016-01-07 14:59:43#appfire#1#appfire#1#appfire#757954C4-14B4-46A4-822E-0B272225599A
